"감독_배우","점수"
"강우석_정재영",0
"강우석_강신일",1
"강우석_유해진",2
"강우석_탁트인",1
"강우석_이상현",1
"강우석_김윤성",1
"강우석_이재원",1
"강우석_조한영",1
"강우석_박창용",1
"강우석_김율호",-1
"강우석_차승원",-1
"강우석_유준상",-1
"강우석_김인권",-1
"강우석_남지현",-1
"강우석_신동미",-1
"강우석_남경읍",-1
"강우석_태인호",-1
"강우석_공형진",-1
"강우석_김종수",-1
"강우석_설경구",-1
"강우석_정준호",0
"강우석_강경덕",0
"강우석_박웅",0
"강우석_홍지연",0
"강우석_전미애",0
"강우석_박태수",0
"강우석_남성훈",0
"강우석_김미경",-1
"강우석_김혜성",-1
"강우석_유선",0
"강우석_조진웅",-1
"강우석_장기범",-1
"강우석_이현우",-1
"강우석_김경호",-1
"강우석_조찬형",-1
"강우석_안성기",0
"강우석_허준호",0
"강우석_임원희",-1
"강우석_강성진",-1
"강우석_이도겸",-1
"강우석_엄태웅",-1
"강우석_김강우",-1
"강우석_박해일",1
"강우석_김상호",1
"강우석_김준배",1
"강우석_이철민",1
"강우석_황정민",-1
"강우석_이요원",-1
"강우석_윤제문",-1
"강우석_정웅인",-1
"강우석_성지루",-1
"강우석_지우",-1
"강우석_장영주",-1
"강우석_장임태",-1
"강우석_장준석",-1
"강우석_조재현",1
"강우석_차인표",1
"강우석_문성근",1
"강우석_김응수",1
"강우석_김광일",1
"강우석_최종원",1
"강우석_최정우",1
"강우석_최창석",1
"강형철_차태현",1
"강형철_박보영",1
"강형철_왕석현",1
"강형철_임지규",1
"강형철_황우슬혜",1
"강형철_정원중",1
"강형철_김기방",1
"강형철_김혜진",1
"강형철_노수정",1
"강형철_류수경",1
"강형철_도경수",-1
"강형철_박혜수",-1
"강형철_자레드 그라임스",-1
"강형철_오정세",0
"강형철_김민호",-1
"강형철_강성호",-1
"강형철_고창희",-1
"강형철_김건우",-1
"강형철_김동현",-1
"강형철_김민재",-1
"강형철_유호정",1
"강형철_심은경",0
"강형철_강소라",0
"강형철_고수희",1
"강형철_홍진희",0
"강형철_강지원",1
"강형철_김민영",0
"강형철_김선경",0
"강형철_진희경",0
"강형철_김보미",0
"강형철_민효린",-1
"강형철_이연경",-1
"강형철_최승현",1
"강형철_신세경",1
"강형철_곽도원",1
"강형철_유해진",1
"강형철_김윤석",1
"강형철_이하늬",1
"강형철_김인권",1
"강형철_이경영",1
"김성훈_이재남",1
"김성훈_현빈",0
"김성훈_유해진",1
"김성훈_김주혁",1
"김성훈_장영남",1
"김성훈_이해영",1
"김성훈_임윤아",1
"김성훈_이동휘",1
"김성훈_박형수",1
"김성훈_서은지",1
"김성훈_이선균",1
"김성훈_조진웅",1
"김성훈_신정근",1
"김성훈_정만식",0
"김성훈_신동미",1
"김성훈_김동영",1
"김성훈_박보검",1
"김성훈_박진성",1
"김성훈_정하철",1
"김성훈_윤종현",1
"김성훈_김래원",-1
"김성훈_지대한",-1
"김성훈_이성민",-1
"김성훈_조안",-1
"김성훈_이광수",-1
"김성훈_이청미",-1
"김성훈_이효선",-1
"김성훈_조선아",-1
"김성훈_최지연",-1
"김성훈_김원해",-1
"김성훈_백윤식",-1
"김성훈_이혜영",-1
"김성훈_봉태규",-1
"김성훈_박재현",-1
"김성훈_김도연",-1
"김성훈_홍성민",-1
"김성훈_조우진",-2
"김성훈_황인옥",-1
"김성훈_한승룡",-1
"김성훈_문제수",-1
"김성훈_장유화",-1
"김성훈_장동건",-1
"김성훈_이선빈",-1
"김성훈_김의성",-1
"김성훈_조달환",-1
"김성훈_박진우",-1
"김성훈_서지혜",-1
"김성훈_하정우",1
"김성훈_배두나",1
"김성훈_오달수",1
"김성훈_김종수",1
"김성훈_임한빈",1
"김성훈_정민희",1
"김성훈_송민석",1
"김성훈_윤성민",1
"김성훈_이동진",1
"김성훈_이상희",1
"윤종빈_황정민",1
"윤종빈_이성민",2
"윤종빈_조진웅",3
"윤종빈_주지훈",1
"윤종빈_김대현",1
"윤종빈_이경호",1
"윤종빈_이기용",1
"윤종빈_이동희",1
"윤종빈_이상원",1
"윤종빈_이상현",1
"윤종빈_하정우",1
"윤종빈_강동원",1
"윤종빈_최귀화",1
"윤종빈_마동석",2
"윤종빈_윤지혜",1
"윤종빈_정만식",1
"윤종빈_김성균",2
"윤종빈_김재영",1
"윤종빈_최민식",1
"윤종빈_곽도원",1
"윤종빈_박성광",1
"윤종빈_이철민",1
"윤종빈_임자연",1
"윤종빈_임헌호",1
"윤종빈_서장원",-1
"윤종빈_윤종빈",-1
"윤종빈_손상범",-1
"윤종빈_한승주",-1
"윤종빈_서민교",-1
"윤종빈_구성모",-1
"윤종빈_이영기",-1
"윤종빈_이혜민",-1
"윤종빈_윤부희",-1
"이석훈_황정민",2
"이석훈_엄정화",1
"이석훈_정성화",1
"이석훈_오나라",1
"이석훈_박정민",1
"이석훈_박사랑",1
"이석훈_임호걸",1
"이석훈_정원영",1
"이석훈_이정건",1
"이석훈_안은정",1
"이석훈_봉태규",-2
"이석훈_정려원",-1
"이석훈_진태현",-2
"이석훈_김혜옥",-1
"이석훈_이영아",-1
"이석훈_강병조",-1
"이석훈_조달환",-1
"이석훈_임성찬",-1
"이석훈_임형국",-1
"이석훈_이혜은",-1
"이석훈_최은주",-1
"이석훈_정대훈",-1
"이석훈_조민주",-1
"이석훈_채현주",-1
"이석훈_유지혁",-1
"이석훈_최수진",-1
"이석훈_김정수",-1
"이석훈_이용규",-1
"이석훈_김남길",1
"이석훈_손예진",1
"이석훈_유해진",1
"이석훈_김대윤",1
"이석훈_이경영",1
"이석훈_오달수",1
"이석훈_김태우",1
"이석훈_박철민",1
"이석훈_신정근",1
"이석훈_김원해",2
"이석훈_정우",1
"이석훈_조성하",1
"이석훈_김인권",1
"이석훈_라미란",1
"이석훈_이해영",1
"이석훈_전배수",1
"이석훈_정유미",1
"이석훈_유선",1
"황동혁_이병헌",1
"황동혁_김윤석",1
"황동혁_박해일",1
"황동혁_고수",1
"황동혁_박희순",1
"황동혁_조우진",1
"황동혁_박주운",1
"황동혁_박지원",1
"황동혁_백동현",1
"황동혁_서병철",1
"황동혁_정유미",1
"황동혁_공유",1
"황동혁_허재호",1
"황동혁_송은정",1
"황동혁_임현성",1
"황동혁_최진호",1
"황동혁_박진우",1
"황동혁_이금용",1
"황동혁_배정민",1
"황동혁_김봉화",1
"황동혁_김영철",-1
"황동혁_다니엘 헤니",-1
"황동혁_안석환",-1
"황동혁_최정원",-1
"황동혁_김인권",-1
"황동혁_송수연",-1
"황동혁_김희준",-1
"황동혁_이태금",-1
"황동혁_이건문",-1
"황동혁_최창환",-1
"황동혁_심은경",1
"황동혁_나문희",1
"황동혁_박인환",1
"황동혁_성동일",1
"황동혁_이진욱",1
"황동혁_김현숙",1
"황동혁_황정민",1
"황동혁_김슬기",1
"황동혁_박형우",1
"황동혁_신재훈",1
"김병서_설경구",1
"김병서_서지원",1
"김병서_정우성",1
"김병서_한효주",1
"김병서_진경",1
"김병서_이준호",1
"김병서_임달화",1
"김병서_손민석",1
"김병서_김대진",1
"김병서_이태형",1
"김병서_이병헌",1
"김병서_하정우",1
"김병서_마동석",1
"김병서_전혜진",1
"김병서_배수지",1
"김병서_손성찬",1
"김병서_서명찬",1
"김병서_양지수",1
"김병서_박준영",1
"김병서_양대혁",1
"김석윤_예지원",-1
"김석윤_최찬숙",-1
"김석윤_지현우",-1
"김석윤_김지영",-1
"김석윤_김혜옥",-1
"김석윤_김호준",-1
"김석윤_안몽식",-1
"김석윤_나현준",-1
"김석윤_백수진",-1
"김석윤_전우형",-1
"김석윤_김명민",2
"김석윤_김호연",1
"김석윤_한지민",1
"김석윤_오달수",2
"김석윤_김영훈",1
"김석윤_백성기",1
"김석윤_지승현",1
"김석윤_류현상",1
"김석윤_김경화",1
"김석윤_김탁호",1
"김석윤_이연희",1
"김석윤_강다현",1
"김석윤_전건익",1
"김석윤_정명철",1
"김석윤_박지선",1
"김석윤_배영민",1
"김석윤_정혜은",1
"김석윤_조관우",1
"김석윤_김지원",0
"김석윤_김범",0
"김석윤_이민기",0
"김석윤_지웅배",0
"김석윤_이대현",0
"김석윤_이소희",0
"김석윤_이재웅",0
"김석윤_백승진",0
"김용화_하정우",2
"김용화_성동일",-1
"김용화_김지석",0
"김용화_김동욱",2
"김용화_최재환",1
"김용화_이재응",1
"김용화_이은성",1
"김용화_이한위",1
"김용화_이혜숙",1
"김용화_김지영",1
"김용화_김아중",1
"김용화_주진모",1
"김용화_김현숙",1
"김용화_신미영",1
"김용화_김원",1
"김용화_조아영",1
"김용화_신정원",1
"김용화_차원호",1
"김용화_원동연",1
"김용화_이보라",1
"김용화_서교",-1
"김용화_이훈민",-1
"김용화_임동욱",-1
"김용화_임승묵",-1
"김용화_임왕섭",-1
"김용화_천재성",-1
"김용화_최인호",-1
"김용화_박정훈",-1
"김용화_배지현",-1
"김용화_주지훈",2
"김용화_김향기",2
"김용화_마동석",2
"김용화_이정재",1
"김용화_김기태",1
"김용화_오희준",1
"김용화_도경수",2
"김용화_이준혁",1
"김용화_차태현",1
"김용화_오달수",1
"김용화_임원희",1
"김용화_장광",1
"김지운_이병헌",-1
"김지운_김영철",-1
"김지운_신민아",-1
"김지운_김뢰하",-1
"김지운_이기영",-1
"김지운_오달수",0
"김지운_진구",-1
"김지운_정유미",-1
"김지운_허명행",-1
"김지운_손정민",-1
"김지운_송강호",2
"김지운_공유",1
"김지운_한지민",1
"김지운_츠루미 신고",1
"김지운_엄태구",1
"김지운_신성록",1
"김지운_서영주",1
"김지운_박민우",1
"김지운_이진한",2
"김지운_구용완",-1
"김지운_최민식",-1
"김지운_조승민",-1
"김지운_신정훈",-1
"김지운_이준혁",-1
"김지운_김인서",-1
"김지운_남보라",-1
"김지운_최문숙",-1
"김지운_박미선",-1
"김지운_강동원",-1
"김지운_한효주",-1
"김지운_김지아",-1
"김지운_정우성",0
"김지운_김무열",-1
"김지운_최민호",-1
"김지운_한예리",-1
"김지운_신은수",-1
"김지운_허준호",-1
"김지운_문예원",-1
"김지운_류승범",-1
"김지운_김강우",-1
"김지운_송새벽",-1
"김지운_송영창",-1
"김지운_김규리",-1
"김지운_고준희",-1
"김지운_진지희",-1
"김지운_류승수",-1
"김지운_윤세아",-1
"김지운_조윤희",-1
"김지운_엄지원",1
"김지운_김광일",1
"김지운_손병호",1
"김지운_이청아",1
"김지운_김선영",1
"김지운_성정훈",1
"김지훈_하지원",0
"김지훈_박철민",1
"김지훈_김성태",0
"김지훈_차예련",0
"김지훈_이한위",1
"김지훈_오지호",0
"김지훈_송새벽",0
"김지훈_안성기",2
"김지훈_박원희",0
"김지훈_김형석",0
"김지훈_김윤태",-1
"김지훈_차인표",0
"김지훈_조재현",-1
"김지훈_김현정",-1
"김지훈_송선미",-1
"김지훈_박원서",-1
"김지훈_방선진",-1
"김지훈_문양식",-1
"김지훈_김선애",-1
"김지훈_유은아",-1
"김지훈_설경구",1
"김지훈_손예진",1
"김지훈_김상경",2
"김지훈_김인권",1
"김지훈_도지한",1
"김지훈_김성오",1
"김지훈_송재호",1
"김지훈_이창민",1
"김지훈_이요원",1
"김지훈_이준기",1
"김지훈_송진호",1
"김지훈_김명훈",1
"김지훈_신진철",1
"김지훈_황대원",1
"나홍진_곽도원",1
"나홍진_황정민",1
"나홍진_쿠니무라 준",1
"나홍진_천우희",1
"나홍진_김환희",1
"나홍진_허진",1
"나홍진_장소연",1
"나홍진_김도윤",1
"나홍진_손강국",1
"나홍진_전배수",1
"나홍진_김윤석",1
"나홍진_하정우",1
"나홍진_서영희",1
"나홍진_박효주",1
"나홍진_김유정",1
"나홍진_최정우",1
"나홍진_정인기",1
"나홍진_최지윤",1
"나홍진_김은성",1
"나홍진_최홍석",1
"나홍진_조성하",0
"나홍진_이철민",0
"나홍진_박윤호",0
"나홍진_김기석",0
"나홍진_박재홍",0
"나홍진_안서현",0
"나홍진_박창수",0
"나홍진_노남석",0
"류승완_황정민",2
"류승완_김규백",1
"류승완_명인호",1
"류승완_소지섭",1
"류승완_송중기",1
"류승완_이정현",1
"류승완_김수안",1
"류승완_지웅배",1
"류승완_손용범",1
"류승완_박선",1
"류승완_류승룡",-1
"류승완_정은혜",-1
"류승완_오태경",-1
"류승완_서주희",-1
"류승완_강관호",-1
"류승완_박영준",-1
"류승완_안길강",-1
"류승완_김수현",-4
"류승완_이도겸",-1
"류승완_임원희",-2
"류승완_공효진",-1
"류승완_박시연",-1
"류승완_황보라",-1
"류승완_구본웅",-1
"류승완_김현우",-1
"류승완_이수현",-1
"류승완_류승범",-2
"류승완_강구현",-1
"류승완_하정우",1
"류승완_한석규",1
"류승완_전지현",1
"류승완_이경영",1
"류승완_최무성",1
"류승완_곽도원",1
"류승완_김서형",1
"류승완_백승익",1
"류승완_배정남",1
"류승완_유아인",1
"류승완_유해진",1
"류승완_오달수",0
"류승완_장윤주",1
"류승완_김시후",1
"류승완_오대환",1
"류승완_정웅인",1
"류승완_정만식",1
"류승완_송영창",1
"류승완_김승훈",0
"류승완_천호진",0
"류승완_마동석",0
"류승완_김원범",0
"류승완_최정현",0
"류승완_황병국",0
"류승완_조준현",0
"류승완_윤소이",-1
"류승완_안성기",-1
"류승완_김지영",-1
"류승완_허명행",-1
"류승완_김효선",-2
"류승완_심재원",-2
"류승완_도영훈",-1
"류승완_이무룡",-1
"류승완_최민식",-1
"류승완_변희봉",-1
"류승완_나문희",-1
"류승완_기주봉",-1
"류승완_권용덕",-1
"류승완_서혜린(정희숙)",-1
"류승완_정두홍",-1
"류승완_류승완",-1
"류승완_이범수",-1
"류승완_김꽃비",-1
"류승완_김동영",-1
"류승완_박지환",-1
"류승완_정희정",-1
"류승완_조규철",-1
"박정우_이성재",-1
"박정우_박솔미",-1
"박정우_김수로",-2
"박정우_문정희",1
"박정우_김동영",-1
"박정우_김미경",-1
"박정우_정종훈",-1
"박정우_최정우",-2
"박정우_이정인",-1
"박정우_이칸희",-1
"박정우_감우성",-1
"박정우_이진영",-1
"박정우_이준원",-1
"박정우_김혁",-1
"박정우_최명진",-1
"박정우_조덕현",-1
"박정우_김영옥",-1
"박정우_강성진",-1
"박정우_김명민",1
"박정우_강지원",1
"박정우_김동완",1
"박정우_이하늬",1
"박정우_강신일",2
"박정우_최일화",1
"박정우_이행춘",1
"박정우_장형원",1
"박정우_정경임",1
"박정우_김남길",1
"박정우_안대겸",1
"박정우_김영애",1
"박정우_송영재",1
"박정우_정진영",1
"박정우_이경영",1
"박정우_김대명",1
"박정우_유승목",1
"박찬욱_송강호",0
"박찬욱_구용완",0
"박찬욱_김옥빈",0
"박찬욱_신하균",0
"박찬욱_김해숙",1
"박찬욱_송영창",0
"박찬욱_오달수",-1
"박찬욱_박인환",0
"박찬욱_라미란",0
"박찬욱_손종학",0
"박찬욱_임수정",-1
"박찬욱_정지훈",-1
"박찬욱_김주복",-1
"박찬욱_김도연",-1
"박찬욱_유호정",-1
"박찬욱_천성훈",-1
"박찬욱_박병은",-1
"박찬욱_김병옥",-1
"박찬욱_최희진",-1
"박찬욱_강혜정",-1
"박찬욱_하세가와 쿄코",-1
"박찬욱_이병헌",-1
"박찬욱_임원희",-1
"박찬욱_와타베 아츠로",-1
"박찬욱_양천화",-1
"박찬욱_김민희",1
"박찬욱_김태리",1
"박찬욱_하정우",1
"박찬욱_조진웅",1
"박찬욱_문소리",1
"박찬욱_최병모",1
"박찬욱_김인우",1
"박찬욱_이용녀",1
"박찬욱_조은형",1
"박찬욱_이영애",0
"박찬욱_최민식",0
"박찬욱_권예영",0
"박찬욱_김시후",0
"박찬욱_남일우",0
"박찬욱_이승신",0
"박찬욱_김부선",0
"박훈정_최민식",0
"박훈정_정만식",-1
"박훈정_김상호",-1
"박훈정_성유빈",-1
"박훈정_오스기 렌",-1
"박훈정_정석원",-1
"박훈정_김홍파",-1
"박훈정_라미란",-1
"박훈정_이나라",-1
"박훈정_현승민",-1
"박훈정_김다미",0
"박훈정_조민수",0
"박훈정_박희순",-2
"박훈정_최우식",0
"박훈정_백승철",0
"박훈정_김하나",0
"박훈정_이강곤",0
"박훈정_이상용",0
"박훈정_백규현",0
"박훈정_김종면",0
"박훈정_강소백",-1
"박훈정_장동건",-1
"박훈정_김명민",-1
"박훈정_이종석",-1
"박훈정_임보라",-1
"박훈정_박재웅",-1
"박훈정_박준서",-1
"박훈정_박준호",-1
"박훈정_신수정",-1
"박훈정_이정재",1
"박훈정_황정민",1
"박훈정_박성웅",1
"박훈정_송지효",1
"박훈정_정영기",1
"박훈정_이경영",1
"박훈정_정군",1
"박훈정_정민욱",1
"박훈정_정종화",1
"박훈정_진구",-1
"박훈정_고창석",-1
"박훈정_장희진",-1
"박훈정_김길동",-1
"박훈정_권현석",-1
"박훈정_전국환",-1
"박훈정_최일화",-1
"박훈정_최교식",-1
"봉준호_송강호",2
"봉준호_변희봉",1
"봉준호_박해일",1
"봉준호_배두나",1
"봉준호_고아성",2
"봉준호_오달수",1
"봉준호_박노식",1
"봉준호_라미란",1
"봉준호_고수희",1
"봉준호_윤제문",1
"봉준호_이선균",1
"봉준호_조여정",1
"봉준호_최우식",1
"봉준호_박소담",1
"봉준호_이정은",1
"봉준호_장혜진",1
"봉준호_박명훈",1
"봉준호_현승민",1
"봉준호_정현준",1
"봉준호_김혜자",0
"봉준호_원빈",0
"봉준호_진구",0
"봉준호_최재원",0
"봉준호_전미선",0
"봉준호_송새벽",0
"봉준호_천우희",0
"봉준호_정영기",0
"봉준호_이미도",0
"봉준호_김상경",-1
"봉준호_김뢰하",-1
"봉준호_정인선",-1
"봉준호_한충환",-1
"봉준호_김효성",-1
"봉준호_이강산",-1
"봉준호_김민철",-1
"봉준호_최현기",-1
"봉준호_심성보",-1
"봉준호_크리스 에반스",1
"봉준호_에드 해리스",1
"봉준호_존 허트",1
"봉준호_틸다 스윈튼",1
"봉준호_제이미 벨",1
"봉준호_옥타비아 스펜서",1
"봉준호_이완 브렘너",1
"봉준호_알리슨 필",1
"원신연_방중현",-1
"원신연_채민서",-1
"원신연_유선",-1
"원신연_류현민",-1
"원신연_서현선",-1
"원신연_이윤희",-1
"원신연_진용욱",-2
"원신연_한석규",-1
"원신연_이문식",-1
"원신연_오달수",-2
"원신연_차예련",-1
"원신연_김시후",-1
"원신연_이병준",-1
"원신연_정경호",-1
"원신연_신현탁",-1
"원신연_천은정",-1
"원신연_유해진",1
"원신연_류준열",1
"원신연_조우진",1
"원신연_키타무라 카즈키",1
"원신연_이케우치 히로유키",1
"원신연_박지환",1
"원신연_최유화",1
"원신연_성유빈",1
"원신연_이재인",1
"원신연_다이고 코타로",1
"원신연_설경구",-1
"원신연_김남길",-1
"원신연_설현",-1
"원신연_이현명",0
"원신연_장정윤",0
"원신연_전동성",0
"원신연_전승표",0
"원신연_김윤진",-1
"원신연_김미숙",-1
"원신연_박희순",0
"원신연_최명수",-1
"원신연_장항선",-1
"원신연_양진우",-1
"원신연_정동환",-1
"원신연_이도겸",-1
"원신연_조덕현",-1
"원신연_서동수",-1
"원신연_공유",1
"원신연_조성하",1
"원신연_유다인",1
"원신연_김성균",1
"원신연_조재윤",1
"원신연_김민재",1
"원신연_김의성",1
"원신연_송재림",1
"원신연_최종률",1
"이재규_현빈",1
"이재규_정재영",1
"이재규_조정석",1
"이재규_한지민",1
"이재규_조재현",1
"이재규_박성웅",1
"이재규_김성령",1
"이재규_정은채",1
"이재규_강민지",1
"이재규_박지혜",1
"이재규_유해진",1
"이재규_조진웅",1
"이재규_이서진",1
"이재규_염정아",1
"이재규_김지수",1
"이재규_송하윤",1
"이재규_윤경호",1
"이재규_지우",1
"이재규_정민규",1
"이재규_정지훈",1
"이재한_정우성",-1
"이재한_손예진",-1
"이재한_데이비드 맥기니스",-1
"이재한_김부선",-1
"이재한_정광재",-1
"이재한_최기호",-1
"이재한_박경진",-1
"이재한_장재용",-1
"이재한_전은희",-1
"이재한_이영필",-1
"이재한_나카야마 미호",-1
"이재한_니시지마 히데토시",-1
"이재한_이시다 유리코",-1
"이재한_안성일",-1
"이재한_김정철",0
"이재한_이정재",0
"이재한_이범수",0
"이재한_리암 니슨",0
"이재한_진세연",0
"이재한_정준호",0
"이재한_박철민",0
"이재한_김병옥",0
"이재한_김선아",0
"이재한_김영애",0
"이재한_차승원",1
"이재한_권상우",1
"이재한_최승현",1
"이재한_김승우",1
"이재한_김혜성",1
"이재한_신현탁",1
"이재한_문재원",1
"이재한_김득겸",1
"이재한_신경선",1
"이재한_추종범",1
"조범구_박건형",-1
"조범구_송요셉",-1
"조범구_이천희",-1
"조범구_김수현",-1
"조범구_MC 몽",-1
"조범구_김종태",-1
"조범구_오달수",-1
"조범구_황규택",-1
"조범구_박찬희",-1
"조범구_김세환",-1
"조범구_정우성",1
"조범구_안성기",1
"조범구_이범수",1
"조범구_김인권",1
"조범구_이시영",1
"조범구_안길강",1
"조범구_최진혁",1
"조범구_홍성덕",1
"조범구_정윤선",1
"조범구_강다혜",1
"조범구_이새별",0
"조범구_고창석",0
"조범구_강예원",0
"조범구_이민기",0
"조범구_김원영",0
"조범구_홍승록",0
"조범구_박은영",0
"조범구_조용진",0
"조범구_김은옥",0
"조의석_설경구",1
"조의석_서지원",1
"조의석_정우성",1
"조의석_한효주",1
"조의석_진경",2
"조의석_이준호",1
"조의석_임달화",1
"조의석_손민석",1
"조의석_김대진",1
"조의석_이태형",1
"조의석_이병헌",1
"조의석_강동원",1
"조의석_김우빈",1
"조의석_엄지원",1
"조의석_박해수",1
"조의석_오달수",1
"조의석_김정우",1
"조의석_장한별",1
"조의석_이승용",1
"조의석_김상경",-1
"조의석_박용우",-1
"조의석_한보배",-1
"조의석_장재영",-1
"조의석_강남미",-1
"조의석_송민주",-1
"조의석_김효주",-1
"조의석_정일우",-1
"조의석_박정환",-1
"조의석_박준영",-1
"최동훈_김윤석",2
"최동훈_김혜수",2
"최동훈_이정재",2
"최동훈_전지현",2
"최동훈_임달화",1
"최동훈_김해숙",1
"최동훈_오달수",2
"최동훈_김수현",1
"최동훈_이심결",1
"최동훈_증국상",1
"최동훈_박신양",-1
"최동훈_주진모",1
"최동훈_염정아",0
"최동훈_이기철",-1
"최동훈_백윤식",0
"최동훈_이문식",-1
"최동훈_천호진",-1
"최동훈_박원상",-1
"최동훈_김상호",0
"최동훈_하정우",1
"최동훈_조진웅",1
"최동훈_이경영",1
"최동훈_최덕문",1
"최동훈_김의성",1
"최동훈_박병은",1
"최동훈_김홍파",1
"최동훈_강동원",1
"최동훈_임수정",1
"최동훈_유해진",2
"최동훈_김시권",1
"최동훈_김효진",1
"최동훈_강동균",1
"최동훈_정혜란",1
"최동훈_조승우",1
"최동훈_김응수",1
"최동훈_이수경",1
"최동훈_김정난",1
"한재림_송강호",0
"한재림_이정재",1
"한재림_백윤식",1
"한재림_조정석",1
"한재림_이종석",1
"한재림_김혜수",1
"한재림_신기원",1
"한재림_윤종구",1
"한재림_윤희원",1
"한재림_이도엽",1
"한재림_조인성",1
"한재림_정우성",1
"한재림_배성우",1
"한재림_김아중",1
"한재림_류준열",1
"한재림_김의성",1
"한재림_김민재",1
"한재림_정성모",1
"한재림_정은채",1
"한재림_김소진",1
"한재림_강혜정",-1
"한재림_박해일",-1
"한재림_이대연",-1
"한재림_박그리나",-1
"한재림_이현정",-1
"한재림_박준명",-1
"한재림_박혜영",-1
"한재림_김기형",-1
"한재림_장준영",-1
"한재림_이은숙",-1
"한재림_박지영",-1
"한재림_오달수",-1
"한재림_김혜진",-1
"한재림_최재연",-1
"한재림_박은미",-1
"한재림_김소은",-1
"한재림_조학현",-1
"한재림_박현아",-1
"한재림_배수만",-1
"강대규_김윤진",0
"강대규_김호연",0
"강대규_나문희",0
"강대규_강예원",0
"강대규_이다희",0
"강대규_장영남",0
"강대규_박준면",0
"강대규_정수영",0
"강대규_손미희",0
"강대규_정혜원",0
"강윤성_김래원",-1
"강윤성_원진아",-1
"강윤성_진선규",0
"강윤성_최귀화",0
"강윤성_최무성",-1
"강윤성_주진모",-1
"강윤성_장지건",-1
"강윤성_정원중",-1
"강윤성_이성우",-1
"강윤성_김홍표",-1
"강윤성_마동석",1
"강윤성_윤계상",1
"강윤성_조재윤",1
"강윤성_박상규",1
"강윤성_유지연",1
"강윤성_최성재",1
"강윤성_이경원",1
"강윤성_이태규",1
"곽경택_김윤석",0
"곽경택_유해진",0
"곽경택_송영창",-1
"곽경택_장영남",-1
"곽경택_정호빈",0
"곽경택_이준혁",0
"곽경택_이종일",0
"곽경택_장성훈",-1
"곽경택_정규용",0
"곽경택_정기용",0
"곽경택_한석규",-1
"곽경택_차승원",-1
"곽경택_김윤태",-1
"곽경택_이병준",-1
"곽경택_김혜정",-1
"곽경택_박영찬",-1
"곽경택_홍의정",0
"곽경택_최지혜",-1
"곽경택_임성규",-2
"곽경택_김준구",-1
"곽경택_오달수",-1
"곽경택_정예진",-1
"곽경택_조혜련",-1
"곽경택_한우용",-1
"곽경택_김재호",-1
"곽경택_이지원",-1
"곽경택_남지웅",-1
"곽경택_백상훈",-1
"곽경택_양중경",-1
"곽경택_주진모",-1
"곽경택_박시연",-1
"곽경택_김민준",-1
"곽경택_최지은",-1
"곽경택_주현",-1
"곽경택_박진우",-1
"곽경택_최성우",-1
"곽경택_박시완",-1
"곽경택_김명민",-1
"곽경택_최민호",-1
"곽경택_김성철",-1
"곽경택_김인권",-1
"곽경택_곽시양",-1
"곽경택_메간 폭스",-1
"곽경택_조지 이즈",-1
"곽경택_장지건",-1
"곽경택_이재욱",-1
"곽경택_이호정",-1
"곽경택_유오성",0
"곽경택_김우빈",0
"곽경택_김미진",0
"곽경택_최종석",0
"곽경택_한기준",0
"곽경택_문혜지",0
"곽경택_황순영",0
"곽경택_신승찬",0
"곽경택_양혜경",0
"곽경택_김원진",1
"곽경택_이정재",1
"곽경택_이미연",1
"곽경택_추현경",1
"곽경택_장동건",1
"곽경택_허욱",1
"곽경택_신성일",1
"곽경택_김형찬",1
"곽경택_정려원",-1
"곽경택_권상우",-1
"곽경택_김민욱",-1
"곽경택_한민혁",-1
"곽경택_서해림",-1
"곽경택_임여문",-1
"곽경택_정진수",-1
"곽경택_이언수",-1
"곽경택_김중탁",-1
"곽경택_이미도",-1
"곽경택_김래원",-1
"곽경택_김해숙",-1
"곽경택_성동일",-1
"곽경택_전혜진",-1
"곽경택_박은혜",-1
"곽경택_전인한",-1
"곽경택_정현수",-1
"곽경택_오세진",-1
"김광식_이태진",1
"김광식_조인성",1
"김광식_신현숙",1
"김광식_남주혁",1
"김광식_박성웅",0
"김광식_차영주",1
"김광식_김경희",1
"김광식_배성우",1
"김광식_엄태구",1
"김광식_설현",1
"김광식_김강우",-1
"김광식_고창석",-1
"김광식_이진호",-1
"김광식_이현민",-1
"김광식_박정우",-1
"김광식_박진수",-1
"김광식_서병덕",-1
"김광식_임준혁",-1
"김광식_장한얼",-1
"김도영_이시영",1
"김도영_정유미",1
"김도영_공유",1
"김도영_김미경",1
"김도영_공민정",1
"김도영_박성연",1
"김도영_이봉련",1
"김도영_김성철",1
"김도영_이얼",1
"김도영_전국향",1
"김동원_정지훈",-1
"김동원_유준상",-1
"김동원_신세경",-1
"김동원_김성수",-1
"김동원_이하나",-1
"김동원_이종석",-1
"김동원_정경호",-1
"김동원_조성하",-1
"김동원_오달수",-1
"김동원_정석원",-1
"김동원_류승룡",-1
"김동원_정은혜",-1
"김동원_오태경",-1
"김동원_서주희",-1
"김동원_강관호",-1
"김동원_박영준",-1
"김동원_안길강",-1
"김동원_김수현",-1
"김동원_이도겸",-1
"김동원_정준호",0
"김동원_최경원",-1
"김동원_정웅인",0
"김동원_정운택",-1
"김동원_김상중",0
"김동원_노승범",-1
"김동원_김홍식",-1
"김동원_홍광석",-1
"김동원_김형운",-1
"김동원_박용기",-1
"김동원_김응수",1
"김동원_임성민",1
"김동원_박용식",1
"김동원_최윤영",1
"김동원_박은비",1
"김동원_나현주",1
"김동원_김동성",1
"김병우_하정우",0
"김병우_이선균",-1
"김병우_제니퍼 엘",-1
"김병우_이상원",-1
"김병우_민무제",-1
"김병우_강신철",-1
"김병우_손성찬",-1
"김병우_안성봉",-1
"김병우_양지수",-1
"김병우_신현빈",-1
"김병우_이경영",1
"김병우_전혜진",1
"김병우_이다윗",1
"김병우_이재관",1
"김병우_이춘연",1
"김병우_장성환",1
"김병우_전려경",1
"김병우_박수화",1
"김병우_김홍파",1
"김성수_장혁",0
"김성수_수애",0
"김성수_박민하",0
"김성수_유해진",0
"김성수_이희준",0
"김성수_김기현",0
"김성수_이상엽",0
"김성수_박효주",0
"김성수_박정민",0
"김성수_최병모",0
"김성수_니시지마 히데토시",-1
"김성수_김효진",-1
"김성수_주영민",-1
"김성수_이경영",-1
"김성수_이경태",-1
"김성수_이동민",-1
"김성수_하승남",-1
"김성수_박동하",-1
"김성수_박병렬",-1
"김성수_정우성",0
"김성수_김현빈",0
"김성수_황정민",0
"김성수_주지훈",0
"김성수_곽도원",0
"김성수_정만식",0
"김성수_김원해",0
"김성수_김종수",0
"김성수_김해곤",0
"김성수_윤지혜",0
"김성수_최령",-1
"김성수_권상우",-1
"김성수_김원진",-1
"김성수_유지태",-1
"김성수_엄지원",-1
"김성수_김윤석",-1
"김성수_박은진",-1
"김성수_홍의정",-1
"김성수_이중문",-1
"김성수_이건문",-1
"김영탁_차태현",-1
"김영탁_남상미",-1
"김영탁_오달수",-1
"김영탁_고창석",-1
"김영탁_진경",-1
"김영탁_유영",-1
"김영탁_김강현",-1
"김영탁_최성원",-1
"김영탁_이준혁",-1
"김영탁_이용감",-1
"김영탁_강예원",0
"김영탁_이문수",0
"김영탁_장영남",0
"김영탁_천보근",0
"김영탁_신성일",0
"김영탁_이창수",0
"김영탁_라미란",0
"김영탁_이한위",0
"김유진_정재영",1
"김유진_한은정",1
"김유진_안성기",1
"김유진_허준호",1
"김유진_김명수",1
"김유진_신정근",1
"김유진_조원희",1
"김유진_이광희",1
"김유진_박윤희",1
"김유진_조주현",1
"김주호_조진웅",-1
"김주호_손현주",-1
"김주호_박희순",-1
"김주호_고창석",0
"김주호_최원영",-1
"김주호_김슬기",-1
"김주호_윤박",-1
"김주호_김민석",-1
"김주호_장남열",-1
"김주호_김희찬",-1
"김주호_차태현",1
"김주호_오지호",1
"김주호_민효린",1
"김주호_성동일",1
"김주호_신정근",1
"김주호_송종호",1
"김주호_이채영",1
"김주호_김길동",1
"김주호_천보근",1
"김주환_박서준",0
"김주환_안성기",-1
"김주환_우도환",-1
"김주환_이승준",-1
"김주환_최우식",-1
"김주환_박진주",-1
"김주환_박지현",-1
"김주환_정지훈",-1
"김주환_이승희",-1
"김주환_심희섭",-1
"김주환_강하늘",1
"김주환_성동일",1
"김주환_박승호",1
"김주환_한도진",1
"김주환_박하선",1
"김주환_정다은",1
"김주환_김규백",1
"김주환_이하준",1
"김주환_이현일",1
"김태균_장혁",-1
"김태균_조보아",-1
"김태균_선우선",-1
"김태균_이도아",-1
"김태균_박정희",-1
"김태균_박진영",-1
"김태균_박현준",-1
"김태균_장재원",-1
"김태균_유지연",-1
"김태균_윤승현",-1
"김태균_강동원",-1
"김태균_이청아",-1
"김태균_조한선",-1
"김태균_이명수",-1
"김태균_정혜영",-1
"김태균_김현진",-1
"김태균_박용두",-1
"김태균_조인형",-1
"김태균_박진희",-1
"김태균_정다혜",-1
"김태균_박희순",-1
"김태균_고창석",-1
"김태균_김현석",-1
"김태균_이진서",-1
"김태균_조진웅",-1
"김태균_현빈",-1
"김태균_이연희",-1
"김태균_이한솔",-1
"김태균_조용준",-1
"김태균_김병세",-1
"김태균_최찬숙",-1
"김태균_정욱",-1
"김태균_강동우",-1
"김태균_김이현",-1
"김태균_김민현",-1
"김태균_윤석화",-1
"김태균_임지규",-1
"김태균_이경영",-1
"김태균_김하진",-1
"김태균_심이영",-1
"김태균_조정원",-1
"김태균_김두루",-1
"김태균_김란흔",-1
"김태균_허정임",-1
"김태균_이상백",-1
"김태균_김윤석",1
"김태균_주지훈",1
"김태균_문정희",1
"김태균_진선규",1
"김태균_이재현",1
"김태균_이윤재",1
"김태균_김종수",1
"김태균_김지성",1
"김태균_이현주",1
"김태균_임병우",1
"김태균_차인표",-1
"김태균_신명철",-1
"김태균_주다영",-1
"김태균_서영화",-1
"김태균_김민채",-1
"김태균_김경란",-1
"김태균_박정순",-1
"김태균_임홍식",-1
"김태균_홍성수",-1
"김태균_김나영",-1
"김학순_김무열",1
"김학순_김율호",1
"김학순_진구",1
"김학순_이현우",1
"김학순_이완",1
"김학순_이청아",1
"김학순_이한종",1
"김학순_박찬희",1
"김학순_박혜준",1
"김학순_최순조",1
"김한민_박해일",-1
"김한민_박솔미",-2
"김한민_송혁조",-1
"김한민_최지용",-1
"김한민_정병욱",-1
"김한민_황태민",-1
"김한민_김광수",-1
"김한민_채석운",-1
"김한민_유혜정",-1
"김한민_권명환",-1
"김한민_최민식",1
"김한민_류승룡",1
"김한민_조진웅",1
"김한민_김명곤",1
"김한민_진구",1
"김한민_이정현",1
"김한민_권율",1
"김한민_노민우",1
"김한민_이승준",2
"김한민_오타니 료헤이",0
"김한민_김무열",0
"김한민_문채원",0
"김한민_이한위",1
"김한민_김구택",1
"김한민_이경영",1
"김한민_박기웅",1
"김한민_이재구",1
"김한민_엄태웅",-1
"김한민_박용우",-1
"김한민_한혜영",-1
"김한민_조문희",-1
"김한민_박인정",-1
"김한민_김유석",-1
"김한민_이세나",-1
"김한민_김한민",-1
"김한민_노수정",-1
"김현석_김주혁",-1
"김현석_봉태규",-1
"김현석_이요원",-1
"김현석_김아중",-1
"김현석_정경호",-1
"김현석_최은정",-1
"김현석_민도기",-1
"김현석_김성훈",-1
"김현석_김효주",-1
"김현석_김형민",-1
"김현석_임창정",-1
"김현석_엄지원",-1
"김현석_박철민",-1
"김현석_이대연",-2
"김현석_백일섭",-1
"김현석_김희원",-1
"김현석_탁트인",-1
"김현석_정종훈",-1
"김현석_서호영",-1
"김현석_서정표",-1
"김현석_엄태웅",0
"김현석_이민정",0
"김현석_최다니엘",-1
"김현석_박신혜",0
"김현석_전아민",0
"김현석_송새벽",0
"김현석_류현경",0
"김현석_김유경",0
"김현석_박은성",0
"김현석_김윤석",-1
"김현석_정우",-1
"김현석_한효주",-1
"김현석_김희애",-1
"김현석_진구",-1
"김현석_장현성",-1
"김현석_강하늘",-1
"김현석_조복래",-1
"김현석_김인권",-1
"김현석_장미진",-1
"김현석_나문희",1
"김현석_이제훈",1
"김현석_염혜란",1
"김현석_성유빈",1
"김현석_김소진",1
"김현석_이상희",1
"김현석_정연주",1
"김현석_이지훈",1
"김현석_손숙",1
"김현석_정재영",-1
"김현석_김옥빈",-1
"김현석_신다은",-1
"김현석_오광록",-1
"김현석_김중탁",-1
"김현석_이시연",-1
"김현석_김정우",-1
"민규동_이채민",-1
"민규동_주지훈",-2
"민규동_김강우",-1
"민규동_천호진",-1
"민규동_임지연",-1
"민규동_이유영",-2
"민규동_김현수",-2
"민규동_문희경",-1
"민규동_박시영",-1
"민규동_박아영",-1
"민규동_황정민",0
"민규동_엄정화",0
"민규동_김유정",0
"민규동_김윤석",0
"민규동_진태현",-1
"민규동_임창정",0
"민규동_정경호",0
"민규동_최원석",0
"민규동_김수로",0
"민규동_정혜영",0
"민규동_임수정",1
"민규동_이선균",1
"민규동_류승룡",1
"민규동_이달형",1
"민규동_이진희",1
"민규동_김도균",1
"민규동_김선일",1
"민규동_최차원",1
"민규동_신경철",1
"민규동_옥광희",1
"민규동_노강민",-1
"민규동_최윤영",-1
"민규동_남보라",-1
"민규동_정은채",-1
"민규동_배수빈",-1
"민규동_나영희",-1
"민규동_임성민",-1
"민규동_김지영",-1
"민규동_박성웅",-1
"민규동_우혜진",-1
"민규동_이세영",-1
"민규동_성준",-1
"민규동_이수혁",-1
"민규동_백진희",-1
"민규동_김슬기",-1
"민규동_정인선",-1
"민규동_고경표",-1
"민규동_김지원",-1
"민규동_임슬옹",-1
"민규동_경수진",-1
"민규동_박정민",-1
"민규동_홍은희",-1
"민규동_차지연",-1
"민규동_김수안",-1
"민규동_정용진",-1
"민규동_이재인",-1
"민규동_민무제",-1
"민규동_이대연",-1
"민규동_김재욱",-1
"민규동_유아인",-1
"민규동_최지호",-1
"민규동_탁트인",-1
"민규동_김라희",-1
"민규동_조수빈",-1
"민규동_박찬형",-1
"민규동_이상하",-1
"민규동_유정훈",-1
"민규동_김갑수",-1
"민규동_서영희",-1
"민규동_배종옥",-1
"민규동_조성훈",-1
"민규동_김유나",-1
"민규동_박혜선",-1
"민규동_박혁권",-1
"민규동_정규상",-1
"민규동_김보민",-1
"민규동_최린",-1
"민규동_김희애",-1
"민규동_김해숙",-1
"민규동_예수정",-1
"민규동_문숙",-1
"민규동_이용녀",-1
"민규동_김준한",-1
"민규동_안세하",-1
"민규동_손강국",-1
"민규동_윤효진",-1
"박광현_신하균",1
"박광현_정재영",1
"박광현_강혜정",1
"박광현_류덕환",1
"박광현_임하룡",1
"박광현_강남석",1
"박광현_조혜진",1
"박광현_손재영",1
"박광현_신영철",1
"박광현_류창국",1
"박광현_지창욱",0
"박광현_심은경",0
"박광현_안재홍",0
"박광현_오정세",0
"박광현_김상호",0
"박광현_김민교",0
"박광현_김기천",0
"박광현_이하늬",0
"박광현_박재민",0
"박광현_박정환",0
"박누리_류준열",1
"박누리_유지태",1
"박누리_조우진",1
"박누리_원진아",1
"박누리_박명신",1
"박누리_이화룡",1
"박누리_오희준",1
"박누리_정기섭",1
"박누리_차래형",1
"박누리_김강현",1
"손용호_마동석",1
"손용호_김상중",1
"손용호_김아중",1
"손용호_장기용",1
"손용호_강예원",1
"손용호_민태율",1
"손용호_박형수",1
"손용호_김혜윤",1
"손용호_손성찬",1
"손용호_박상욱",1
"손용호_김상경",-1
"손용호_김성균",-1
"손용호_박성웅",-1
"손용호_윤승아",-1
"손용호_조재윤",-1
"손용호_김의성",-1
"손용호_기주봉",-1
"손용호_홍성덕",-1
"손용호_오대환",-1
"손용호_이정훈",-1
"신태라_김하늘",1
"신태라_강지환",0
"신태라_유승목",1
"신태라_강규영",1
"신태라_김민국",1
"신태라_강신일",0
"신태라_장남열",1
"신태라_심은혜",1
"신태라_나귀화",1
"신태라_서정주",1
"신태라_김혜정",-1
"신태라_황정민",-1
"신태라_유선",-1
"신태라_송찬호",-1
"신태라_최정자",-1
"신태라_최찬민",-1
"신태라_김상택",-1
"신태라_이승은",-1
"신태라_양홍준",-1
"신태라_김도윤",-1
"신태라_황춘하",-1
"신태라_최현성",-1
"신태라_나수윤",-1
"신태라_신태라",-1
"신태라_김범규",-1
"신태라_노호선",-1
"신태라_장현남",-1
"신태라_김재훈",-2
"신태라_성유리",-1
"신태라_이수혁",-1
"신태라_김영광",-1
"신태라_신민철",-1
"신태라_손현우",-1
"신태라_윤봉길",-1
"신태라_이태형",-1
"신태라_이한샘",-1
"신태라_신정근",-1
"심형래_브룩스 아만다",1
"심형래_베어 제이슨",1
"심형래_심형래",0
"심형래_마이클 리스폴리",0
"심형래_하비 케이틀",0
"심형래_제이슨 미웨스",0
"심형래_조셀린 도나휴",0
"심형래_안소희",0
"심형래_우혜림",0
"양우석_정우성",1
"양우석_곽도원",2
"양우석_김갑수",1
"양우석_김의성",1
"양우석_이경영",1
"양우석_조우진",1
"양우석_정원중",2
"양우석_김명곤",1
"양우석_박은혜",1
"양우석_김지호",1
"양우석_송강호",1
"양우석_김영애",1
"양우석_오달수",1
"양우석_임시완",1
"양우석_송영창",1
"양우석_조민기",1
"양우석_이항나",1
"양우석_이성민",1
"우민호_김명민",-2
"우민호_염정아",-1
"우민호_유해진",-1
"우민호_변희봉",-1
"우민호_정겨운",-1
"우민호_정만식",-1
"우민호_이승호",-1
"우민호_오나라",-1
"우민호_천보근",-1
"우민호_박진우",-1
"우민호_이병헌",0
"우민호_조승우",0
"우민호_백윤식",0
"우민호_이경영",0
"우민호_김홍파",-1
"우민호_배성우",0
"우민호_조재윤",0
"우민호_김대명",-1
"우민호_조우진",-1
"우민호_이엘",1
"우민호_신지수",-1
"우민호_송강호",-1
"우민호_조정석",-1
"우민호_배두나",-1
"우민호_김소진",-1
"우민호_이희준",-1
"우민호_이성민",-1
"우민호_김근영",-1
"우민호_엄기준",-1
"우민호_박주미",-1
"우민호_이병준",-1
"우민호_김소현",-1
"우민호_이경근",-1
"우민호_박지애",-1
"우민호_김병욱",-1
"우민호_김태호",-1
"우민호_최민서",-1
"유하_이민호",0
"유하_김래원",0
"유하_정진영",0
"유하_설현",0
"유하_유승목",0
"유하_한재영",0
"유하_이연두",0
"유하_정호빈",0
"유하_최진호",0
"유하_엄효섭",0
"유하_권상우",-1
"유하_이정진",-1
"유하_한가인",-1
"유하_김인권",-1
"유하_박효준",-1
"유하_이종혁",-2
"유하_백봉기",-1
"유하_안내상",-1
"유하_조진웅",-1
"유하_김동영",-1
"유하_조인성",0
"유하_천호진",-1
"유하_김원진",-1
"유하_남궁민",-1
"유하_이보영",-1
"유하_진구",-1
"유하_윤제문",-1
"유하_선우은숙",-1
"유하_김효선",-1
"유하_주진모",1
"유하_송지효",1
"유하_심지호",1
"유하_임주환",1
"유하_여욱환",1
"유하_송중기",1
"유하_노민우",1
"유하_조강현",1
"유하_김기방",1
"유하_송강호",-1
"유하_배영한",-1
"유하_이여진",-1
"유하_이나영",-1
"유하_박민규",-1
"유하_이태리",-1
"유하_임현성",-1
"유하_정진",-1
"유하_조은별",-1
"유하_주영민",-1
"이계벽_김운",1
"이계벽_유해진",1
"이계벽_이준",1
"이계벽_조윤희",1
"이계벽_임지연",1
"이계벽_전혜빈",0
"이계벽_이동휘",1
"이계벽_박선용",1
"이계벽_박은미",1
"이계벽_정소리",1
"이계벽_류승범",-1
"이계벽_신민아",-1
"이계벽_김강우",-1
"이계벽_허명행",-1
"이계벽_손정민",-1
"이계벽_송민석",-1
"이계벽_김원중",-1
"이계벽_조주현",-1
"이계벽_안성진",-1
"이계벽_서승억",-1
"이계벽_차승원",-1
"이계벽_엄채영",-1
"이계벽_박해준",-1
"이계벽_김혜옥",-1
"이계벽_안길강",-1
"이계벽_류한비",-1
"이계벽_조한철",-1
"이계벽_성지루",-1
"이계벽_김법래",-1
"이병헌_류승룡",1
"이병헌_이하늬",1
"이병헌_진선규",1
"이병헌_이동휘",1
"이병헌_공명",1
"이병헌_양현민",1
"이병헌_장진희",1
"이병헌_한준우",1
"이병헌_김명준",1
"이병헌_나철",1
"이병헌_이성민",-1
"이병헌_신하균",-1
"이병헌_송지효",-1
"이병헌_이엘",-1
"이병헌_장영남",-1
"이병헌_고준",-1
"이병헌_서성원",-1
"이병헌_이주한",-1
"이병헌_이지원",-1
"이병헌_이혜수",-1
"이병헌_김우빈",0
"이병헌_이준호",0
"이병헌_강하늘",0
"이병헌_정덕희",0
"이병헌_주창욱",0
"이병헌_권지훈",0
"이병헌_오하늬",0
"이병헌_오현경",0
"이병헌_이성두",0
"이병헌_정소민",0
"이상근_조정석",1
"이상근_임윤아",1
"이상근_고두심",1
"이상근_박인환",1
"이상근_김지영",1
"이상근_강기영",1
"이상근_오희준",1
"이상근_배유람",1
"이상근_유수빈",1
"이상근_조성희",1
"이승준_설경구",1
"이승준_문소리",1
"이승준_다니엘 헤니",1
"이승준_고창석",1
"이승준_한예리",1
"이승준_라미란",1
"이승준_서승인",1
"이승준_이대수",1
"이승준_이성제",1
"이승준_최승현",1
"이언희_임수정",-1
"이언희_김래원",-1
"이언희_이미숙",-1
"이언희_김지영",-1
"이언희_김현수",-1
"이언희_박혜연",-1
"이언희_장미",-1
"이언희_이성경",-1
"이언희_박소연",-1
"이언희_김순애",-1
"이언희_서하늬",-1
"이언희_엄지원",-1
"이언희_공효진",-1
"이언희_강태수",-1
"이언희_김광호",-1
"이언희_김석태",-1
"이언희_김용철",-1
"이언희_김해일",-1
"이언희_서인덕",-1
"이언희_안재만",-1
"이언희_이미연",-1
"이언희_이태란",-1
"이언희_김준성",-1
"이언희_이영란",-1
"이언희_조주현",-1
"이언희_함유선",-1
"이언희_진민경",-1
"이언희_유인수",-1
"이언희_최보윤",-1
"이언희_마르코",-1
"이언희_권상우",0
"이언희_성동일",0
"이언희_이광수",0
"이언희_이일화",0
"이언희_남명렬",0
"이언희_손담비",0
"이언희_최성원",0
"이언희_김동욱",0
"이언희_박성일",0
"이언희_오희준",0
"이연우_김윤석",0
"이연우_정경호",0
"이연우_견미리",0
"이연우_선우선",0
"이연우_서동수",0
"이연우_이효권",0
"이연우_최수현",0
"이연우_양현석",0
"이연우_김종근",0
"이연우_김준희",0
"이연우_박보영",-1
"이연우_이종석",-1
"이연우_이세영",-1
"이연우_김영광",-1
"이연우_신현탁",-1
"이연우_우혜영",-1
"이연우_장세준",-1
"이연우_박지영",-1
"이연우_손지훈",-1
"이연우_송정민",-1
"이용주_엄태웅",1
"이용주_한가인",1
"이용주_이제훈",1
"이용주_배수지",1
"이용주_고준희",1
"이용주_조정석",1
"이용주_신민영",1
"이용주_신예진",1
"이용주_유연석",1
"이용주_조현철",1
"이용주_남상미",-1
"이용주_류승룡",-1
"이용주_김보연",-1
"이용주_심은경",-1
"이용주_신은정",-1
"이용주_박지선",-1
"이용주_오지은",-1
"이용주_문희경",-1
"이용주_박진우",-1
"이용주_장영남",-1
"이원태_조진웅",-1
"이원태_송승헌",-1
"이원태_정만식",-1
"이원태_정진영",-1
"이원태_신정근",-1
"이원태_유승목",-1
"이원태_정규수",-1
"이원태_이서원",-1
"이원태_곽동연",-1
"이원태_박소담",-1
"이원태_마동석",1
"이원태_김무열",1
"이원태_김성규",1
"이원태_문동혁",1
"이원태_오희준",1
"이원태_민무제",1
"이원태_문순주",1
"이원태_김근영",1
"이원태_전배수",1
"이원태_유재명",1
"이일형_황정민",1
"이일형_강동원",1
"이일형_이성민",1
"이일형_박성웅",1
"이일형_김응수",1
"이일형_신소율",1
"이일형_주진모",1
"이일형_김원해",1
"이일형_김홍파",1
"이일형_김병옥",1
"이정범_원빈",1
"이정범_김새론",1
"이정범_김희원",1
"이정범_김성오",0
"이정범_배영한",1
"이정범_김호연",0
"이정범_김성훈",1
"이정범_김효민",1
"이정범_김효서",1
"이정범_신동민",1
"이정범_이선균",-1
"이정범_전소니",-1
"이정범_박해준",-1
"이정범_송영창",-1
"이정범_박병은",-1
"이정범_김민재",-2
"이정범_남문철",-1
"이정범_정가람",-1
"이정범_이유영",-1
"이정범_권오상",-1
"이정범_설경구",-1
"이정범_조한선",-1
"이정범_최경원",-1
"이정범_김경란",-1
"이정범_김영옥",-1
"이정범_나문희",-1
"이정범_주진모",-1
"이정범_김경희",-2
"이정범_조나현",-1
"이정범_장동건",-1
"이정범_김민희",-1
"이정범_민성욱",-1
"이정범_박지연",-1
"이정범_백현익",-1
"이정범_최제헌",-1
"이정범_이재인",-1
"이준익_황정민",-1
"이준익_김성훈",-1
"이준익_차승원",-1
"이준익_한지혜",-1
"이준익_백성현",-1
"이준익_신영훈",-1
"이준익_김영훈",-1
"이준익_함철훈",-1
"이준익_박광설",-1
"이준익_박미령",-1
"이준익_수애",-1
"이준익_정진영",-2
"이준익_정경호",-1
"이준익_주진모",-2
"이준익_조미령",-1
"이준익_홍영승",-1
"이준익_한성수",-1
"이준익_릭키 준",-1
"이준익_서성만",-1
"이준익_장재욱",-1
"이준익_강하늘",-2
"이준익_박정민",-2
"이준익_김인우",-1
"이준익_최홍일",-1
"이준익_김정팔",-1
"이준익_최희서",-1
"이준익_신윤주",-1
"이준익_문성근",-1
"이준익_최종률",-1
"이준익_전재형",-1
"이준익_박중훈",-1
"이준익_안성기",-1
"이준익_김현아",-1
"이준익_강광원",-1
"이준익_함수연",-1
"이준익_손덕배",-1
"이준익_허민희",-1
"이준익_조련",-1
"이준익_최정윤",-1
"이준익_황인준",-1
"이준익_이제훈",0
"이준익_권율",0
"이준익_민진웅",0
"이준익_이형석",0
"이준익_박진성",0
"이준익_배정환",0
"이준익_서동기",0
"이준익_정무진",0
"이준익_김고은",-1
"이준익_장항선",-1
"이준익_고준",-1
"이준익_신현빈",-1
"이준익_정규수",-1
"이준익_김준한",-1
"이준익_배제기",-1
"이준익_최정헌",-1
"이준익_한별",-1
"이준익_송강호",1
"이준익_유아인",1
"이준익_문근영",1
"이준익_전혜진",1
"이준익_김해숙",1
"이준익_박원상",1
"이준익_진지희",1
"이준익_박소담",1
"이준익_서예지",1
"이준익_이효제",1
"이준익_설경구",0
"이준익_엄지원",0
"이준익_이레",0
"이준익_김상호",-1
"이준익_라미란",0
"이준익_양진성",0
"이준익_이승택",0
"이준익_하진",0
"이준익_조복래",0
"이준익_감우성",1
"이준익_이준기",1
"이준익_유해진",1
"이준익_박영수",1
"이준익_강성연",1
"이준익_이건우",1
"이준익_이동수",1
"이준익_이동헌",1
"이준익_유효정",1
"이준익_김윤석",-1
"이준익_장근석",-1
"이준익_김호정",-1
"이준익_송재완",-1
"이준익_조성구",-1
"이준익_홍인기",-1
"이준익_노브레인",-1
"이준익_이문식",-1
"이준익_류승룡",-1
"이준익_윤제문",-1
"이준익_선우선",-1
"이준익_이광수",-1
"이준익_신정근",-1
"이준익_류승수",-1
"이준익_정석용",-1
"이한_감우성",-1
"이한_최강희",-1
"이한_엄태웅",-1
"이한_김민채",-1
"이한_박정민",-1
"이한_이은아",-1
"이한_이연희",-1
"이한_정일우",-1
"이한_서신애",-1
"이한_임정은",-1
"이한_보리",-1
"이한_주희",-1
"이한_김현빈",-1
"이한_임시완",-1
"이한_고아성",-2
"이한_이희준",-1
"이한_이준혁",-1
"이한_정준원",-1
"이한_이레",-1
"이한_김영재",-1
"이한_임윤경",-1
"이한_정대웅",-1
"이한_김윤석",1
"이한_유아인",0
"이한_김효숙",1
"이한_조병찬",1
"이한_조세현",1
"이한_정한진",1
"이한_강별",1
"이한_박효주",1
"이한_박종현",1
"이한_박진아",0
"이한_김희애",-1
"이한_김유정",-1
"이한_김향기",-1
"이한_강다영",-1
"이한_강다정",-1
"이한_박지영",-1
"이한_박진수",-1
"이한_선현철",-1
"이한_정우성",0
"이한_이규형",0
"이한_염혜란",0
"이한_장영남",0
"이한_정원중",0
"이한_김종수",0
"이한_박근형",0
"이한_송윤아",0
"이한_권상우",-1
"이한_김하늘",-1
"이한_이상우",-1
"이한_강기화",-1
"이한_김효경",-1
"이한_홍수연",-1
"이한_김희숙",-1
"이한_박정섭",-1
"이한_최현경",-1
"이해영_박보영",-1
"이해영_엄지원",-2
"이해영_박소담",-1
"이해영_공예지",-1
"이해영_주보비",-1
"이해영_박성연",-1
"이해영_심희섭",-1
"이해영_고원희",-1
"이해영_박주희",-1
"이해영_이혜리",-1
"이해영_조진웅",0
"이해영_류준열",0
"이해영_김주혁",0
"이해영_김성령",0
"이해영_박해준",0
"이해영_차승원",0
"이해영_이주영",1
"이해영_김태준",1
"이해영_서현우",1
"이해영_이경제",1
"이해영_류덕환",-1
"이해영_백윤식",-1
"이해영_김윤석",-1
"이해영_김용훈",-1
"이해영_최정우",-1
"이해영_송선찬",-1
"이해영_신민정",-1
"이해영_정두환",-1
"이해영_김현근",-1
"이해영_황병직",-1
"이해영_신하균",-1
"이해영_박소현",-1
"이해영_김아중",-1
"이해영_심혜진",-1
"이해영_성동일",-1
"이해영_류승범",-1
"이해영_백진희",-1
"이해영_오달수",-1
"이해영_설미미",-1
"이해준_정재영",-1
"이해준_구교환",-1
"이해준_정려원",-1
"이해준_강문정",-1
"이해준_박보영",-1
"이해준_이성배",-1
"이해준_임수진",-1
"이해준_최소영",-1
"이해준_이규형",-2
"이해준_양미경",-1
"이해준_설경구",-1
"이해준_박해일",-1
"이해준_윤제문",-1
"이해준_이병준",-1
"이해준_류혜영",-1
"이해준_김영대",-1
"이해준_김원진",-1
"이해준_김철환",-1
"이해준_민경진",-1
"이해준_이병헌",1
"이해준_하정우",1
"이해준_마동석",1
"이해준_전혜진",1
"이해준_배수지",1
"이해준_손성찬",1
"이해준_서명찬",1
"이해준_양지수",1
"이해준_박준영",1
"이해준_양대혁",1
"이해준_류덕환",-1
"이해준_백윤식",-1
"이해준_김윤석",-1
"이해준_김용훈",-1
"이해준_최정우",-1
"이해준_송선찬",-1
"이해준_신민정",-1
"이해준_정두환",-1
"이해준_김현근",-1
"이해준_황병직",-1
"임순례_김윤석",-1
"임순례_오연수",-1
"임순례_한예리",-1
"임순례_백승환",-1
"임순례_박사랑",-1
"임순례_김성균",-1
"임순례_이청기",-1
"임순례_이현경",-1
"임순례_최성태",-1
"임순례_홍지은",-1
"임순례_김태리",-1
"임순례_류준열",-1
"임순례_문소리",0
"임순례_진기주",-1
"임순례_홍성덕",-1
"임순례_이광용",-1
"임순례_이상준",-1
"임순례_김재훈",-1
"임순례_이유진",-1
"임순례_김정은",0
"임순례_엄태웅",1
"임순례_김지영",1
"임순례_조은지",1
"임순례_이미도",1
"임순례_조영진",1
"임순례_이봉규",0
"임순례_정석용",1
"임순례_하정우",1
"임순례_박해일",-1
"임순례_유연석",-1
"임순례_이경영",-1
"임순례_박원상",-1
"임순례_류현경",-1
"임순례_송하윤",-1
"임순례_김강현",-1
"임순례_김수안",-1
"임순례_김중기",-1
"장재현_김윤석",1
"장재현_강동원",1
"장재현_박소담",1
"장재현_김병옥",1
"장재현_김의성",1
"장재현_이호재",1
"장재현_남일우",1
"장재현_김동현",1
"장재현_김미영",1
"장재현_김혜민",1
"장재현_이정재",0
"장재현_박정민",0
"장재현_이재인",0
"장재현_유지태",0
"장재현_정진영",0
"장재현_진선규",0
"장재현_이다윗",0
"장재현_배해선",0
"장재현_차래형",0
"장재현_황정민",0
"장준환_안대겸",1
"장준환_김윤석",1
"장준환_하정우",1
"장준환_유해진",1
"장준환_김태리",1
"장준환_박희순",1
"장준환_이희준",1
"장준환_설경구",1
"장준환_여진구",1
"장준환_윤재국",1
"장준환_조진웅",0
"장준환_장현성",0
"장준환_김성균",0
"장준환_박해준",0
"장준환_임지은",0
"장준환_남지현",0
"장준환_설우신",0
"장준환_이성",0
"장창원_현빈",1
"장창원_유지태",1
"장창원_배성우",1
"장창원_박성웅",1
"장창원_나나",1
"장창원_안세하",1
"장창원_최덕문",1
"장창원_전보람",1
"장창원_전헌태",1
"장창원_이용희",1
"장철수_김수현",0
"장철수_박기웅",0
"장철수_이현우",0
"장철수_손현주",0
"장철수_박혜숙",1
"장철수_김성균",1
"장철수_고창석",1
"장철수_장광",1
"장철수_신정근",1
"장철수_홍경인",1
"장훈_신하균",0
"장훈_고수",0
"장훈_이제훈",0
"장훈_류승수",0
"장훈_고창석",0
"장훈_이다윗",0
"장훈_류승룡",0
"장훈_김옥빈",0
"장훈_조진웅",0
"장훈_정인기",1
"장훈_송강호",2
"장훈_강동원",1
"장훈_전국환",1
"장훈_박혁권",2
"장훈_윤희석",1
"장훈_최정우",1
"장훈_설진욱",1
"장훈_강명희",1
"장훈_홍서백",1
"장훈_이수민",1
"장훈_토마스 크레취만",1
"장훈_유해진",1
"장훈_류준열",1
"장훈_최귀화",1
"장훈_이창섭",1
"장훈_이호균",1
"장훈_서정우",1
"정용기_신현준",1
"정용기_김원희",1
"정용기_김수미",1
"정용기_탁재훈",0
"정용기_김도연",0
"정용기_김응수",-1
"정용기_강병조",0
"정용기_김홍규",0
"정용기_임형준",1
"정용기_박영식",0
"정용기_조성현",-1
"정용기_정준호",-1
"정용기_김민정",-1
"정용기_유동근",-1
"정용기_성동일",-3
"정용기_박근형",-1
"정용기_박상욱",-1
"정용기_윤두준",-1
"정용기_황광희",-1
"정용기_유민",-1
"정용기_최은주",1
"정용기_김효진",1
"정용기_박은혜",1
"정용기_한재혁",1
"정용기_김인욱",1
"정용기_이화란",1
"정용기_박용우",-1
"정용기_이보영",-1
"정용기_김수현",-1
"정용기_이상찬",-1
"정용기_안길강",-1
"정용기_조희봉",-1
"정용기_서민균",-2
"정용기_심호성",-1
"정용기_임은경",-1
"정용기_김유미",-1
"정용기_심형탁",-1
"정용기_옥지영",-1
"정용기_천호진",-1
"정용기_조성아",-1
"정용기_안재범",-1
"정용기_배효진",-1
"정용기_임종호",-1
"정용기_정진환",-1
"정용기_공형진",-1
"정용기_김주혁",-1
"정용기_이윤지",-1
"정용기_이시영",-2
"정용기_오정세",-1
"정용기_강대영",-1
"정용기_조성걸",-1
"정용기_최정화",-1
"정용기_김형근",-1
"정용기_조달환",-1
"정용기_이범수",-1
"정용기_김수로",-1
"정용기_허지원",-1
"정용기_김두환",-1
"정용기_강민영",-1
"정용기_신동선",-1
"정용기_김무영",-1
"정윤철_이정재",-1
"정윤철_여진구",-1
"정윤철_김무열",-1
"정윤철_이솜",-1
"정윤철_박원상",-1
"정윤철_배수빈",-1
"정윤철_김명곤",-1
"정윤철_박해준",-1
"정윤철_이한성",-1
"정윤철_박정환",-1
"정윤철_조승우",1
"정윤철_김미숙",1
"정윤철_이진영",1
"정윤철_허자경",1
"정윤철_석명홍",1
"정윤철_정철우",1
"정윤철_이민숙",1
"정윤철_김장욱",1
"정윤철_전수지",1
"정윤철_정미선",1
"정윤철_홍희자",-1
"정윤철_황정민",-1
"정윤철_전지현",-1
"정윤철_진지희",-1
"정윤철_서영화",-1
"정윤철_최우혁",-1
"정윤철_조상현",-1
"정윤철_김기석",-1
"정윤철_이상엽",-1
"정윤철_김한길",-1
"정윤철_천호진",-1
"정윤철_문희경",-1
"정윤철_김혜수",-1
"정윤철_유아인",-1
"정윤철_황보라",-1
"정윤철_정유미",-1
"정윤철_이기우",-1
"정윤철_임혁필",-1
"정윤철_이대헌",-1
"정윤철_백경인",-1
"정지영_안성기",1
"정지영_박원상",1
"정지영_나영희",1
"정지영_김지호",1
"정지영_이승훈",1
"정지영_이춘연",1
"정지영_이홍표",1
"정지영_임태연",1
"정지영_장길수",1
"정지영_장현남",1
"정지영_조진웅",0
"정지영_이하늬",0
"정지영_이경영",0
"정지영_강신일",0
"정지영_최덕문",0
"정지영_조한철",0
"정지영_허성태",0
"정지영_강도연",0
"정지영_정인기",0
"정지영_윤진영",0
"조성희_송중기",0
"조성희_박보영",0
"조성희_장영남",0
"조성희_유연석",0
"조성희_김향기",0
"조성희_장서이",1
"조성희_한민혁",1
"조성희_이승주",1
"조성희_최광락",1
"조성희_오영석",1
"조성희_이제훈",-1
"조성희_김성균",-1
"조성희_박근형",-1
"조성희_정성화",-1
"조성희_고아라",-1
"조성희_노정의",-1
"조성희_김하나",-1
"조성희_유승목",-1
"조성희_박정원",-1
"조성희_박지훈",-1
"조정래_손숙",1
"조정래_강하나",1
"조정래_서미지",1
"조정래_최리",1
"조정래_정인기",1
"조정래_오지혜",1
"조정래_김시은",1
"조정래_이채현",1
"조정래_임성철",1
"조정래_임혜영",1
"조진규_박신양",1
"조진규_김정태",1
"조진규_엄지원",1
"조진규_정혜영",1
"조진규_김성균",1
"조진규_최일화",1
"조진규_최지호",1
"조진규_김형범",1
"조진규_장원종",1
"조진규_이충재",1
"조진규_김아중",-1
"조진규_최령",-2
"조진규_이성진",-1
"조진규_이문식",-1
"조진규_유동근",-1
"조진규_박예리",-1
"조진규_박정률",-1
"조진규_배정아",-1
"조진규_강호동",-1
"조진규_김경용",-1
"조진규_이범수",-1
"조진규_서기",-1
"조진규_심정호",-1
"조진규_안광남",-1
"조진규_김도영",-1
"조진규_민성주",-1
"조진규_임결향",-1
"조진규_오지명",-1
"조진규_오복연",-1
"최국희_김혜수",1
"최국희_유아인",1
"최국희_허준호",1
"최국희_조우진",1
"최국희_뱅상 카셀",1
"최국희_이원희",1
"최국희_이은주",1
"최국희_손민석",1
"최국희_손영진",1
"최국희_이하윤",1
"최국희_유지태",-1
"최국희_이정현",-1
"최국희_이다윗",-1
"최국희_정성화",-1
"최국희_김지은",-1
"최국희_김태훈",-1
"최국희_신민수",-1
"최국희_윤수현",-1
"최국희_이정주",-1
"최국희_이지수",-1
"최성현_이병헌",1
"최성현_윤여정",1
"최성현_박정민",1
"최성현_한지민",1
"최성현_김성령",1
"최성현_이주영",1
"최성현_최리",1
"최성현_이가경",1
"최성현_이상준",1
"최성현_박현주",1
"허정_손현주",1
"허정_문정희",1
"허정_전미선",1
"허정_장채린",1
"허정_김수안",1
"허정_김원해",1
"허정_노수산나",1
"허정_정준원",1
"허정_김근영",1
"허정_성유빈",1
"허정_염정아",-1
"허정_박혁권",-1
"허정_허진",-1
"허정_신린아",-1
"허정_방유설",-1
"허정_이준혁",-1
"허정_이달",-1
"허정_이주원",-1
"허정_장리우",-1
"허정_정지훈",-1
"허진호_손예진",0
"허진호_박해일",1
"허진호_윤제문",1
"허진호_라미란",1
"허진호_정상훈",1
"허진호_박수영",1
"허진호_김소현",1
"허진호_박주미",1
"허진호_안내상",1
"허진호_김재욱",1
"허진호_김강우",-1
"허진호_황정민",-2
"허진호_김민선",-1
"허진호_김수로",-1
"허진호_김영근",-1
"허진호_김효진",-1
"허진호_배종옥",-1
"허진호_송중기",-1
"허진호_신세경",-1
"허진호_엄정화",-1
"허진호_배용준",-1
"허진호_김광일",-1
"허진호_류승수",-1
"허진호_이한위",-1
"허진호_전국환",-1
"허진호_유승목",-1
"허진호_곽수정",-1
"허진호_주부진",-1
"허진호_최민식",-1
"허진호_한석규",-1
"허진호_신구",-1
"허진호_김홍파",-1
"허진호_허준호",-1
"허진호_김태우",-1
"허진호_김원해",-1
"허진호_임원희",-1
"허진호_오광록",-1
"허진호_박성훈",-1
"허진호_임수정",-1
"허진호_공효진",-1
"허진호_신종민",-1
"허진호_남주현",-1
"허진호_박혜은",-1
"허진호_최명화",-1
"허진호_최민선",-1
"허진호_이홍재",-1
"허진호_장진희",-1
"허진호_정우성",-1
"허진호_고원원",-1
"허진호_이봉화",-1
"허진호_이서영",-1
"허진호_김상호",-1
"황인호_이민기",-1
"황인호_김고은",-1
"황인호_안서현",-1
"황인호_윤진하",-1
"황인호_박병은",-1
"황인호_김뢰하",-1
"황인호_김부선",-1
"황인호_이현빈",-1
"황인호_이현우",-1
"황인호_손종규",-1
"황인호_손예진",0
"황인호_신동훈",0
"황인호_김혜숙",0
"황인호_조아라",0
"황인호_박재우",0
"황인호_태리",0
"황인호_최우진",0
"황인호_이현진",0
"황인호_이미도",0
